persons/name,persons/surname,persons/gender
Annemette P.,Nilsson,female
Freja O.,Thygesen,female
Anna S.,Jespersen,female
Rosa M.,Bang,female
Nicolai T.,Bech,male
Mimir S.,Krogh,male
Mike M.,Eriksen,male
Christian A.,Jacobsen,male
Villads E.,Olesen,male
Malou F.,Koch,female
Lasse A.,Villadsen,male
Benjamin C.,Møller,male
Simon L.,Østergaard,male
Mia M.,Thygesen,female
Naja P.,Poulsen,female
Esther A.,Nygaard,female
Martin E.,Lauridsen,male
Sofie V.,Knudsen,female
Anders K.,Frandsen,male
Michael F.,Mathiesen,male
Mads H.,Pedersen,male
Sander T.,Møller,male
Sofie M.,Kruse,female
Malthe R.,Schmidt,male
Michael M.,Henriksen,male
Julie P.,Frederiksen,female
Anne-Lise N.,Lund,female
Johanne A.,Jørgensen,female
Mads A.,Steffensen,male
Sille V.,Karlsen,female
Kasper R.,Jepsen,male
Thomas S.,Schmidt,male
Tosh S.,Jessen,male
Adam A.,Jacobsen,male
Albert K.,Klausen,male
Laurits H.,Larsen,male
Jakob E.,Hedegaard,male
Olivia J.,Poulsen,female
Trine P.,Thorsen,female
Joachim M.,Jessen,male
Torben L.,Bruun,male
Esther T.,Simonsen,female
David J.,Østergaard,male
Bertram K.,Skov,male
Mille A.,Knudsen,female
Liv J.,Hedegaard,female
Jasmin A.,Mortensen,female
William T.,Lauritsen,male
Silje M.,Mortensen,female
Jeppe L.,Madsen,male
Ditte S.,Steffensen,female
Jeppe F.,Lauritsen,male
Laurits L.,Clausen,male
Benjamin O.,Jacobsen,male
Christine F.,Thorsen,female
Silke A.,Thygesen,female
Victoria V.,Jessen,female
Jonas A.,Dahl,male
Philip S.,Jacobsen,male
Abellona M.,Lauritsen,female
William R.,Karlsen,male
Johan A.,Andersen,male
Tobias L.,Olsen,male
Alberte E.,Hedegaard,female
Abellona C.,Madsen,female
Nansen L.,Johansen,male
Hjalte A.,Holst,male
Helena T.,Jeppesen,female
Karla T.,Krogh,female
Adam A.,Schmidt,male
Louise V.,Kristensen,female
Søren T.,Nørgaard,male
August S.,Søndergaard,male
Emil F.,Hansen,male
Rebecca K.,Laursen,female
Albert A.,Lauritsen,male
Olivia F.,Brandt,female
Rolla J.,Steffensen,female
Selam O.,Villadsen,female
Asta E.,Karlsen,female
Camilla A.,Gregersen,female
Olivia N.,Hedegaard,female
Alma C.,Skov,female
Jonas D.,Thorsen,male
Emilie C.,Nørgaard,female
Patrick E.,Søndergaard,male
Emily M.,Karlsen,female
Sofia M.,Karlsen,female
August C.,Juhl,male
Benjamin M.,Simonsen,male
Caroline A.,Hedegaard,female
Daniel S.,Olesen,male
Silje K.,Jakobsen,female
Mathilde H.,Toft,female
Pernille M.,Frederiksen,female
Mathias L.,Mikkelsen,male
Josefine S.,Madsen,female
Villads D.,Mikkelsen,male
Lucas M.,Kjær,male
Sofia S.,Kristoffersen,female
Simone V.,Jespersen,female
Hannah W.,Lauritsen,female
Elias S.,Jensen,male
Mathias L.,Winther,male
Maja P.,Bach,female
Josefine J.,Østergaard,female
Alfred A.,Thomsen,male
Amanda M.,Toft,female
Christine A.,Vestergaard,female
Rasmus A.,Koch,male
Mette D.,Schultz,female
Nikolaj C.,Lauridsen,male
Marius T.,Hansen,male
Emil H.,Frandsen,male
Esther V.,Laursen,female
Andrea M.,Klausen,female
Victoria S.,Nilsson,female
Mads F.,Andersen,male
Rosa V.,Møller,female
Aase D.,Simonsen,female
Emil L.,Bech,male
Abellona M.,Kristensen,female
Dennis A.,Overgaard,male
Trine M.,Kjær,female
Morten C.,Bang,male
Adam L.,Bertelsen,male
Malene W.,Jensen,female
Amanda O.,Søndergaard,female
Katrine A.,Gregersen,female
Victor N.,Frandsen,male
Katrine D.,Villadsen,female
Lærke J.,Petersen,female
Søren C.,Johnsen,male
Naja L.,Gregersen,female
Amanda M.,Carlsen,female
Helena P.,Thygesen,female
Frederik A.,Johnsen,male
Elias V.,Andersen,male
Mike M.,Frederiksen,male
Johanne J.,Sørensen,female
Kasper O.,Klausen,male
Emma V.,Schultz,female
Rasmus B.,Friis,male
Christine T.,Pedersen,female
Sander S.,Friis,male
Julius F.,Olesen,male
Nicklas S.,Nygaard,male
Marie P.,Jespersen,female
Silke L.,Klausen,female
Thomas S.,Carlsen,male
Nina P.,Damgaard,female
Laurits S.,Kjeldsen,male
Celina S.,Frandsen,female
Naja C.,Toft,female
Julius L.,Danielsen,male
Selma F.,Karlsen,female
Emile N.,Andreasen,female
Rikke L.,Bang,female
Filippa V.,Jepsen,female
Villads S.,Nygaard,male
Amanda A.,Mogensen,female
Lærke A.,Petersen,female
Abellona S.,Olsen,female
Storm N.,Mortensen,male
Silke J.,Jakobsen,female
Laurits V.,Andersen,male
Mimir J.,Frandsen,female
Alberte J.,Olsen,female
Niels I.,Villadsen,male
Sebastian N.,Mikkelsen,male
Simone D.,Holm,female
Astrid C.,Simonsen,female
Mia N.,Jacobsen,female
Andrea P.,Klausen,female
Jonathan S.,Kjær,male
Liva O.,Steffensen,female
Sille N.,Jessen,female
Julius L.,Juhl,male
Mathilde H.,Berg,female
Silas S.,Frederiksen,male
Rikke M.,Olsen,female
Aase D.,Hermansen,female
Peter S.,Poulsen,male
Sofie S.,Jepsen,female
Thea A.,Jacobsen,female
Frederik C.,Bech,male
Louise M.,Kristiansen,female
Noah R.,Lund,male
Silas M.,Johnsen,male
Louise A.,Larsen,female
Alberte H.,Lauritsen,female
Thomas F.,Lassen,male
Mark M.,Friis,male
Morten J.,Jeppesen,male
Liv S.,Simonsen,female
Nicolai F.,Kristiansen,male
Magnus L.,Schmidt,male
Frida A.,Jepsen,female
Thomas D.,Mathiesen,male
Josefine N.,Jessen,female
Simone H.,Overgaard,female
Mohammad M.,Kristensen,male
Nanna A.,Jeppesen,female
Frederik K.,Mathiasen,male
Sandra M.,Bertelsen,female
Mads N.,Jakobsen,male
Mads M.,Bertelsen,male
Esther N.,Andreasen,female
Christine M.,Christiansen,female
Oskar T.,Brandt,male
Selma C.,Andresen,female
Kristine R.,Sørensen,female
Anne M.,Koch,female
Esther M.,Knudsen,female
Mille A.,Villadsen,female
Naja F.,Jepsen,female
William S.,Nilsson,male
Marie A.,Skov,female
Trine M.,Andresen,female
Frederikke O.,Danielsen,female
Rasmus A.,Mortensen,male
Mike M.,Overgaard,male
Freja V.,Lauritsen,female
Ella J.,Henriksen,female
Alexander A.,Hansen,male
Bertram J.,Bang,male
Pernille V.,Andersen,female
Michelle W.,Henriksen,female
Rolla C.,Toft,female
Thomas E.,Olsen,male
Mohammad S.,Koch,male
Peter B.,Svendsen,male
Sofie N.,Kruse,female
Laerke M.,Madsen,female
Natasja J.,Jessen,female
Annemette V.,Olesen,female
Mimir E.,Christensen,male
Sarah T.,Bruun,female
Lasse C.,Madsen,male
Trine V.,Thygesen,female
Anton A.,Petersen,male
Marcus A.,Petersen,male
Bente W.,Rasmussen,female
Anne L.,Kjær,female
Silje M.,Andresen,female
Jens C.,Nissen,male
Jens M.,Ravn,male
Jeppe C.,Jepsen,male
Silas M.,Johansen,male
Kristine M.,Vestergaard,female
Annemette J.,Mikkelsen,female
Mette O.,Knudsen,female
Celina T.,Andresen,female
Lasse M.,Dam,male
Valdemar L.,Henriksen,male
Daniel P.,Schultz,male
Tristan H.,Christiansen,male
Lea P.,Winther,female
Emil A.,Olsen,male
Marie L.,Christensen,female
Malthe S.,Bach,male
Jonas A.,Bach,male
Signe V.,Holm,female
Michael F.,Jespersen,male
Magnus M.,Christoffersen,male
Michelle T.,Jacobsen,female
Sofia D.,Juhl,female
Peter S.,Bruun,male
Lea M.,Madsen,female
Jakob K.,Friis,male
Patrick E.,Sørensen,male
Philip N.,Holm,male
Hjalte S.,Laursen,male
Maja D.,Lorenzen,female
Thomas E.,Jespersen,male
Michelle S.,Mogensen,female
Valdemar J.,Dahl,male
Nicolai A.,Pedersen,male
Adam M.,Svendsen,male
Nicklas N.,Rasmussen,male
Line V.,Schultz,female
Maja A.,Kristoffersen,female
Aksel S.,Lind,male
Emma M.,Mogensen,female
Daniel J.,Friis,male
Marius M.,Lassen,male
Rikke S.,Svendsen,female
Jakob K.,Poulsen,male
Jacob N.,Paulsen,male
Laerke A.,Schultz,female
Helena J.,Mathiasen,female
Adam N.,Kruse,male
Silas S.,Paulsen,male
Maria J.,Danielsen,female
Jeppe M.,Nilsson,male
Filippa L.,Larsen,female
Rikke N.,Andersen,female
Michelle N.,Bang,female
Peter S.,Kjeldsen,male
Bent S.,Bech,male
William K.,Lorenzen,male
Olivia F.,Jensen,female
Jesper S.,Holst,male
Thomas M.,Johansen,male
Nicklas R.,Thygesen,male
Silas A.,Bech,male
David S.,Holst,male
Christina T.,Klausen,female
David E.,Karlsen,male
Nansen A.,Steffensen,male
Anders L.,Bech,male
Nicklas S.,Nørgaard,male
Silje O.,Thorsen,female
Philip B.,Berg,male
Liv R.,Østergaard,female
Anne M.,Thygesen,female
Ditte J.,Mathiasen,female
Ella P.,Bang,female
Sille V.,Ravn,female
Anders C.,Nilsson,male
Jakob M.,Winther,male
Naja M.,Frandsen,female
Hannah C.,Hedegaard,female
Camilla A.,Iversen,female
Ida J.,Rasmussen,female
Johan S.,Klausen,male
Katrine M.,Kristoffersen,female
Christian C.,Damgaard,male
Albert S.,Jacobsen,male
Emil E.,Paulsen,male
Silke M.,Hermansen,female
Albert M.,Vestergaard,male
Aase N.,Danielsen,female
Sander S.,Nielsen,male
Dennis L.,Kjeldsen,male
Kristine A.,Overgaard,female
Nina M.,Jacobsen,female
Storm A.,Knudsen,male
Amalie J.,Lund,female
Victoria J.,Dam,female
Dennis M.,Madsen,male
Daniel C.,Nilsson,male
Silje S.,Johansen,female
Michelle S.,Karlsen,female
Albert P.,Johansen,male
Emily J.,Knudsen,female
Celina M.,Juhl,female
Bente N.,Villadsen,female
Astrid J.,Mathiesen,female
Oliver S.,Bech,male
Christian S.,Kristensen,male
Alexander C.,Lund,male
Maja D.,Christensen,female
Hjalte N.,Sørensen,male
Mohamed E.,Nissen,male
Jonas E.,Mortensen,male
Maja A.,Nilsson,female
Jacob E.,Jakobsen,male
Valdemar M.,Skov,male
Emily J.,Frederiksen,female
Ida T.,Ravn,female
Alberte J.,Sørensen,female
Philip S.,Winther,male
Bent M.,Bach,male
Rikke N.,Bertelsen,female
Felix M.,Ravn,male
Bertram S.,Lind,male
Anton D.,Jespersen,male
Andrea M.,Carlsen,female
Astrid M.,Lauridsen,female
Mikkel M.,Steffensen,male
August S.,Dam,male
Silas N.,Dam,male
Nadia A.,Mathiesen,female
Aksel N.,Schultz,male
Marcus L.,Schultz,male
Ditte C.,Østergaard,female
Oskar N.,Pedersen,male
Olivia V.,Lind,female
Nicklas M.,Østergaard,male
Tobias T.,Mortensen,male
Nicklas R.,Kruse,male
Anders J.,Christoffersen,male
Gustav T.,Lind,male
Simone N.,Olesen,female
Dennis M.,Jensen,male
Oskar E.,Juhl,male
Aase G.,Dam,female
Daniel R.,Vestergaard,male
Emily M.,Hermansen,female
Anders M.,Klausen,male
Tosh S.,Holst,male
Christina M.,Frandsen,female
Alexander A.,Klausen,male
Nicolai S.,Jørgensen,male
Maja M.,Lassen,female
August M.,Christoffersen,male
Maja M.,Mathiesen,female
Caroline J.,Christoffersen,female
Liv S.,Schultz,female
Villads S.,Bertelsen,male
Tosh J.,Nilsson,male
Emily J.,Danielsen,female
Valdemar C.,Koch,male
Tristan L.,Schou,male
Mimir E.,Rasmussen,male
Mikkel M.,Olesen,male
Adam S.,Holst,male
Stine O.,Jørgensen,female
Rasmus M.,Overgaard,male
Torben O.,Klausen,male
Emile M.,Thygesen,female
Philip C.,Kjeldsen,male
Tristan C.,Jørgensen,male
Michelle J.,Christiansen,female
Martin L.,Olsen,male
Tristan M.,Christoffersen,male
Hjalte J.,Andersen,male
Carl A.,Carlsen,male
Mark J.,Mathiesen,male
Sofie J.,Karlsen,female
Signe J.,Schou,female
Anton F.,Andreasen,male
Rasmus L.,Lassen,male
Noah M.,Henriksen,male
Villads N.,Jepsen,male
Isabella V.,Damgaard,female
Julius S.,Larsen,male
Nicolai A.,Christoffersen,male
Sander A.,Jensen,male
Camilla M.,Simonsen,female
Simone T.,Nygaard,female
Nicklas A.,Eriksen,male
Søren F.,Lind,male
Aksel R.,Jacobsen,male
Kasper E.,Hansen,male
Carl M.,Kjær,male
Mia A.,Lauritsen,female
David M.,Bech,male
Karla B.,Thorsen,female
Jens E.,Mathiasen,male
Trine M.,Østergaard,female
Freja S.,Paulsen,female
Alexander C.,Møller,male
David E.,Larsen,male
Emily M.,Petersen,female
Maja E.,Villadsen,female
Adam J.,Jeppesen,male
Valdemar F.,Winther,male
Jonathan A.,Knudsen,male
Ditte M.,Juhl,female
Christina J.,Nilsson,female
Noah D.,Jacobsen,male
Carl L.,Mikkelsen,male
Mathilde M.,Nissen,female
Noah J.,Lind,male
Bente B.,Carlsen,female
Nanna P.,Paulsen,female
Simon E.,Bruun,male
William S.,Jakobsen,male
Victor N.,Knudsen,male
Clara V.,Mikkelsen,female
Emil K.,Clausen,male
Hannah G.,Villadsen,female
Laerke A.,Dam,female
Nikolaj E.,Nørgaard,male
Sarah C.,Hedegaard,female
Hannah M.,Kristoffersen,female
Storm A.,Krogh,male
Jeppe R.,Bang,male
Amalie O.,Olesen,female
Anton E.,Jørgensen,male
Mads C.,Thygesen,male
Kasper A.,Jacobsen,male
Elias L.,Vestergaard,male
Tristan E.,Mortensen,male
Lea D.,Bruun,female
Ella P.,Ravn,female
Mie G.,Steffensen,female
Naja M.,Andreasen,female
Nicklas S.,Nilsson,male
Jonas H.,Bak,male
Philip L.,Møller,male
Christoffer S.,Simonsen,male
Isabella T.,Lassen,female
Tobias P.,Møller,male
Abellona A.,Carlsen,female
Torben T.,Mogensen,male
Thea A.,Bak,female
Victor A.,Mikkelsen,male
Aase B.,Lauridsen,female
Albert M.,Koch,male
Simone P.,Jespersen,female
Annemette P.,Thygesen,female
Felix A.,Vestergaard,male
Freja F.,Nygaard,female
Frederikke J.,Lund,female
Nicklas R.,Lund,male
Sarah L.,Friis,female
Nina M.,Schultz,female
Jesper N.,Dam,male
Sebastian A.,Clausen,male
Villads A.,Toft,male
Karla J.,Bertelsen,female
Tosh H.,Christoffersen,male
Kasper M.,Christoffersen,male
Mathilde A.,Christiansen,female
Selma N.,Mathiasen,female
Natasja T.,Bach,female
David A.,Laursen,male
Patrick A.,Paulsen,male
Nadia M.,Pedersen,female
Johan S.,Henriksen,male
Mathias L.,Andresen,male
Malthe A.,Mathiesen,male
Mohamed C.,Kristensen,male
Sebastian M.,Skov,male
Mette M.,Pedersen,female
Anton B.,Bertelsen,male
Thomas P.,Lind,male
Philip S.,Johansen,male
Storm R.,Andersen,male
Jacob O.,Gregersen,male
Aksel A.,Svendsen,male
Mimir S.,Villadsen,male
Rasmus K.,Andresen,male
Magnus A.,Friis,male
Mathilde M.,Madsen,female
Johanne P.,Jepsen,female
Christina P.,Friis,female
Cecilie M.,Schultz,female
Victoria A.,Brandt,female
Rikke J.,Poulsen,female
Søren M.,Kjær,male
Elias A.,Svendsen,male
Mathias E.,Lassen,male
